{
  "_comment": "Full 32-class in-distribution baseline from model.val() on data/merged test split (1428 tiles). Generated by scripts/update_baseline.py (subtask 1.7b). Supersedes the partial 8-class transcription from docs/phase1_analysis.md.",
  "overall": {
    "map50": 0.994024,
    "map50_95": 0.984873,
    "precision": 0.994905,
    "recall": 0.988308
  },
  "by_index": {
    "0": {
      "name": "Symbol_1",
      "ap50": 0.994831,
      "ap50_95": 0.989008,
      "recall": 1.0
    },
    "1": {
      "name": "Symbol_2",
      "ap50": 0.995,
      "ap50_95": 0.987245,
      "recall": 0.997865
    },
    "2": {
      "name": "Symbol_3",
      "ap50": 0.995,
      "ap50_95": 0.992792,
      "recall": 1.0
    },
    "3": {
      "name": "Symbol_4",
      "ap50": 0.995,
      "ap50_95": 0.993989,
      "recall": 1.0
    },
    "4": {
      "name": "Symbol_5",
      "ap50": 0.995,
      "ap50_95": 0.992986,
      "recall": 1.0
    },
    "5": {
      "name": "angle_valve",
      "ap50": 0.995,
      "ap50_95": 0.983353,
      "recall": 1.0
    },
    "6": {
      "name": "valve_handwheel",
      "ap50": 0.995,
      "ap50_95": 0.991578,
      "recall": 0.991667
    },
    "7": {
      "name": "check_valve",
      "ap50": 0.995,
      "ap50_95": 0.983107,
      "recall": 1.0
    },
    "8": {
      "name": "Symbol_9",
      "ap50": 0.995,
      "ap50_95": 0.993148,
      "recall": 0.991453
    },
    "9": {
      "name": "Symbol_10",
      "ap50": 0.995,
      "ap50_95": 0.995,
      "recall": 1.0
    },
    "10": {
      "name": "Symbol_11",
      "ap50": 0.984592,
      "ap50_95": 0.982442,
      "recall": 0.969072
    },
    "11": {
      "name": "Symbol_12",
      "ap50": 0.994907,
      "ap50_95": 0.993772,
      "recall": 0.981132
    },
    "12": {
      "name": "Symbol_13",
      "ap50": 0.995,
      "ap50_95": 0.986248,
      "recall": 1.0
    },
    "13": {
      "name": "control_valve_diaphragm",
      "ap50": 0.995,
      "ap50_95": 0.993981,
      "recall": 1.0
    },
    "14": {
      "name": "Symbol_15",
      "ap50": 0.995,
      "ap50_95": 0.983949,
      "recall": 1.0
    },
    "15": {
      "name": "Symbol_16",
      "ap50": 0.995,
      "ap50_95": 0.979487,
      "recall": 0.996014
    },
    "16": {
      "name": "Symbol_17",
      "ap50": 0.979966,
      "ap50_95": 0.960056,
      "recall": 0.864786
    },
    "17": {
      "name": "Symbol_18",
      "ap50": 0.994467,
      "ap50_95": 0.982982,
      "recall": 0.969231
    },
    "18": {
      "name": "Symbol_19",
      "ap50": 0.99053,
      "ap50_95": 0.983109,
      "recall": 0.932692
    },
    "19": {
      "name": "reducer",
      "ap50": 0.995,
      "ap50_95": 0.991513,
      "recall": 0.999962
    },
    "20": {
      "name": "Symbol_21",
      "ap50": 0.995,
      "ap50_95": 0.967339,
      "recall": 0.992105
    },
    "21": {
      "name": "strainer",
      "ap50": 0.995,
      "ap50_95": 0.978947,
      "recall": 0.99678
    },
    "22": {
      "name": "heat_exchanger",
      "ap50": 0.995,
      "ap50_95": 0.990803,
      "recall": 1.0
    },
    "23": {
      "name": "flow_arrow",
      "ap50": 0.994804,
      "ap50_95": 0.956679,
      "recall": 0.99
    },
    "24": {
      "name": "Symbol_25",
      "ap50": 0.994833,
      "ap50_95": 0.990291,
      "recall": 0.97479
    },
    "25": {
      "name": "instrument_bubble",
      "ap50": 0.995,
      "ap50_95": 0.995,
      "recall": 1.0
    },
    "26": {
      "name": "instrument_bubble_RO10",
      "ap50": 0.995,
      "ap50_95": 0.994941,
      "recall": 0.992349
    },
    "27": {
      "name": "instrument_bubble_SDL",
      "ap50": 0.995,
      "ap50_95": 0.995,
      "recall": 1.0
    },
    "28": {
      "name": "instrument_bubble_DDL",
      "ap50": 0.995,
      "ap50_95": 0.993369,
      "recall": 1.0
    },
    "29": {
      "name": "tag_rectangle_simple",
      "ap50": 0.995,
      "ap50_95": 0.95497,
      "recall": 1.0
    },
    "30": {
      "name": "Symbol_31",
      "ap50": 0.994919,
      "ap50_95": 0.990925,
      "recall": 1.0
    },
    "31": {
      "name": "tag_rectangle_multiline",
      "ap50": 0.99491,
      "ap50_95": 0.967939,
      "recall": 0.985964
    }
  }
}
